Student_ID,Subject,Chapter,LO,Score,Attempt,Date,Gender,Grade,School_ID
299,English,Grammar,LO2,62,2,2024-01-24,F,8,S111
139,Math,Calculus,LO1,91,2,2024-05-19,M,9,S106
992,Science,Biology,LO3,80,3,2024-01-15,F,9,S107
498,Math,Algebra,LO3,75,1,2024-03-24,F,8,S102
619,Math,Algebra,LO1,91,1,2024-01-20,M,8,S105
102,English,Composition,LO3,72,2,2024-05-02,F,9,S109
192,Math,Algebra,LO2,51,1,2024-02-15,F,8,S111
934,Math,Calculus,LO2,84,2,2024-05-01,M,8,S107
273,Science,Physics,LO2,83,3,2024-05-08,F,10,S107
118,Science,Physics,LO2,90,1,2024-05-18,M,9,S102
613,English,Grammar,LO1,78,2,2024-01-05,M,8,S115
721,English,Grammar,LO1,80,1,2024-03-27,M,9,S109
69,Math,Algebra,LO1,96,2,2024-03-30,M,10,S114
635,English,Composition,LO2,54,1,2024-01-26,M,8,S105
62,Math,Algebra,LO3,87,3,2024-04-20,F,10,S113
356,English,Literature,LO3,91,2,2024-03-11,M,9,S102
733,English,Composition,LO1,83,3,2024-04-07,F,10,S108
468,Math,Geometry,LO2,77,3,2024-05-21,M,10,S115
107,English,Grammar,LO3,78,2,2024-01-06,F,9,S101
88,Math,Algebra,LO2,63,1,2024-04-29,F,9,S105
207,Science,Physics,LO1,76,2,2024-04-30,F,10,S113
668,English,Literature,LO3,53,2,2024-04-23,M,9,S108
200,Science,Chemistry,LO3,51,1,2024-04-07,M,9,S120
594,English,Grammar,LO2,59,3,2024-02-10,M,8,S108
293,Science,Chemistry,LO1,94,1,2024-01-04,F,8,S114
128,Science,Chemistry,LO2,86,3,2024-04-12,F,10,S110
333,English,Literature,LO3,96,3,2024-03-08,F,8,S104
485,Math,Calculus,LO1,89,3,2024-02-14,F,9,S119
996,English,Grammar,LO2,98,3,2024-03-07,M,8,S110
952,Math,Algebra,LO3,60,3,2024-02-08,M,8,S119
266,Math,Calculus,LO2,75,3,2024-04-11,F,10,S120
846,Math,Algebra,LO1,75,1,2024-03-26,F,8,S108
14,Science,Physics,LO3,51,2,2024-05-07,M,9,S110
211,Science,Chemistry,LO2,85,1,2024-01-01,F,10,S105
565,Math,Geometry,LO2,60,1,2024-04-03,F,9,S115
824,English,Literature,LO1,59,1,2024-01-21,F,10,S113
924,Science,Biology,LO3,91,2,2024-01-30,M,10,S120
801,English,Literature,LO2,91,2,2024-05-15,F,8,S120
270,Math,Calculus,LO2,80,1,2024-05-19,M,10,S111
454,Math,Calculus,LO2,50,3,2024-05-19,F,9,S119
700,Science,Chemistry,LO2,62,1,2024-02-07,M,8,S114
343,Math,Calculus,LO3,95,1,2024-01-27,M,10,S103
993,Math,Algebra,LO2,74,3,2024-04-19,M,8,S113
526,Science,Biology,LO2,73,2,2024-04-10,F,10,S113
110,Math,Algebra,LO2,74,3,2024-01-29,M,9,S112
656,English,Composition,LO2,57,1,2024-03-11,F,10,S108
173,Math,Geometry,LO2,69,2,2024-01-18,M,9,S112
380,English,Composition,LO3,81,3,2024-01-26,M,8,S107
410,Math,Calculus,LO2,96,2,2024-04-05,F,10,S102
67,English,Composition,LO3,67,1,2024-04-27,F,8,S105
786,Math,Geometry,LO3,76,3,2024-03-27,M,8,S105
169,Science,Physics,LO2,100,3,2024-04-13,F,10,S117
985,Math,Geometry,LO3,72,3,2024-05-03,F,9,S119
674,Math,Geometry,LO1,80,1,2024-05-02,F,9,S102
940,English,Literature,LO3,89,1,2024-03-08,F,9,S114
630,English,Grammar,LO2,65,2,2024-05-15,F,8,S103
240,Science,Chemistry,LO1,93,3,2024-03-01,F,9,S105
780,Math,Calculus,LO2,88,1,2024-04-03,F,10,S117
133,English,Literature,LO1,60,1,2024-03-07,F,9,S102
319,Science,Biology,LO1,52,2,2024-02-10,M,9,S113
379,English,Grammar,LO3,95,1,2024-01-12,F,9,S101
432,Science,Biology,LO3,82,2,2024-03-26,F,10,S119
302,English,Grammar,LO1,72,3,2024-02-13,F,10,S109
709,Science,Biology,LO1,96,3,2024-05-16,F,9,S107
153,English,Literature,LO1,75,3,2024-04-11,F,9,S109
564,English,Composition,LO1,89,3,2024-04-27,M,8,S108
588,English,Composition,LO1,69,3,2024-03-22,M,8,S107
309,Science,Physics,LO3,76,1,2024-03-14,F,8,S101
12,English,Literature,LO3,98,2,2024-03-24,F,8,S108
325,Science,Physics,LO2,98,3,2024-02-28,F,9,S101
8,Science,Physics,LO3,83,1,2024-05-15,F,8,S116
25,English,Grammar,LO2,79,2,2024-02-07,F,9,S118
487,Science,Chemistry,LO2,96,1,2024-02-17,M,9,S115
683,Science,Biology,LO2,95,3,2024-01-06,F,8,S107
518,English,Literature,LO2,100,3,2024-04-01,F,10,S117
65,English,Literature,LO3,84,2,2024-04-18,F,9,S112
767,English,Literature,LO3,75,3,2024-01-12,F,8,S120
896,Science,Chemistry,LO2,80,3,2024-05-15,M,8,S109
426,English,Composition,LO1,86,2,2024-02-03,M,9,S116
738,English,Grammar,LO3,67,3,2024-01-21,M,9,S107
583,Math,Geometry,LO3,63,2,2024-02-04,F,9,S118
534,Science,Biology,LO1,59,2,2024-05-10,F,8,S114
735,English,Literature,LO2,77,2,2024-01-18,M,9,S114
860,Math,Algebra,LO2,62,1,2024-02-20,M,9,S111
184,English,Composition,LO3,58,3,2024-05-08,F,10,S104
330,Math,Algebra,LO1,71,3,2024-02-07,M,8,S115
749,Math,Geometry,LO2,69,2,2024-03-08,F,10,S109
836,English,Composition,LO1,78,3,2024-05-11,F,10,S118
37,Math,Algebra,LO2,91,1,2024-02-05,F,9,S112
170,English,Grammar,LO1,92,1,2024-02-07,M,9,S110
117,English,Composition,LO3,87,3,2024-01-03,F,8,S120
822,Math,Calculus,LO2,97,2,2024-04-30,M,8,S103
842,Math,Algebra,LO2,88,3,2024-01-19,M,9,S104
500,Math,Calculus,LO3,94,1,2024-04-27,M,9,S120
915,Science,Chemistry,LO1,95,1,2024-02-04,F,10,S119
189,Math,Algebra,LO3,97,3,2024-03-29,F,9,S114
582,Math,Algebra,LO3,81,1,2024-03-03,F,8,S112
54,Math,Algebra,LO2,61,3,2024-03-28,F,10,S103
800,English,Composition,LO3,74,1,2024-02-17,M,9,S101
242,English,Grammar,LO2,69,3,2024-04-05,F,8,S109
557,Math,Algebra,LO2,69,3,2024-05-21,F,8,S101
218,Science,Biology,LO2,78,3,2024-01-30,F,10,S107
245,Math,Calculus,LO2,89,2,2024-01-01,M,9,S108
315,Math,Algebra,LO3,70,3,2024-05-06,F,8,S113
916,Math,Calculus,LO1,63,1,2024-02-24,M,10,S105
549,Math,Calculus,LO2,64,3,2024-03-20,F,9,S112
40,English,Composition,LO1,67,2,2024-04-07,M,8,S104
525,English,Literature,LO2,86,2,2024-04-16,M,8,S105
811,English,Grammar,LO3,69,2,2024-04-26,F,8,S113
484,Math,Calculus,LO3,91,1,2024-03-25,M,8,S104
130,Science,Biology,LO3,77,3,2024-01-02,F,10,S101
394,Math,Geometry,LO1,64,2,2024-02-08,F,8,S106
237,English,Composition,LO3,94,3,2024-01-23,M,9,S114
726,English,Composition,LO2,98,2,2024-03-18,M,9,S119
892,Math,Algebra,LO3,83,1,2024-03-13,F,9,S111
680,Math,Algebra,LO1,65,3,2024-03-18,F,10,S107
36,Science,Physics,LO1,84,3,2024-01-14,F,10,S101
793,Math,Calculus,LO1,97,1,2024-05-04,F,9,S108
220,Math,Algebra,LO2,89,3,2024-04-29,F,9,S116
794,Science,Biology,LO1,76,3,2024-05-15,F,10,S112
466,Math,Calculus,LO1,93,1,2024-05-06,F,10,S117
828,Science,Physics,LO2,69,2,2024-01-22,M,8,S119
743,Science,Chemistry,LO2,55,1,2024-04-18,M,9,S116
609,English,Grammar,LO2,75,1,2024-05-09,M,10,S119
90,Math,Calculus,LO2,60,2,2024-04-15,F,8,S109
19,Math,Algebra,LO2,99,1,2024-03-14,M,10,S119
790,Science,Biology,LO2,74,1,2024-05-17,M,9,S107
741,English,Composition,LO2,69,3,2024-03-25,F,8,S115
986,Science,Chemistry,LO2,56,3,2024-01-31,F,10,S113
731,Science,Biology,LO1,76,3,2024-03-07,F,9,S106
22,Math,Calculus,LO2,99,1,2024-02-10,M,10,S102
976,Science,Physics,LO1,64,2,2024-04-19,F,8,S120
724,Science,Physics,LO1,55,1,2024-05-02,F,9,S114
203,Math,Geometry,LO1,88,3,2024-04-06,F,9,S108
769,English,Composition,LO2,88,2,2024-03-21,M,10,S102
966,Math,Geometry,LO1,54,2,2024-03-03,M,10,S115
493,Science,Physics,LO2,64,3,2024-03-11,M,8,S116
269,Math,Calculus,LO2,67,2,2024-05-16,M,10,S101
698,English,Grammar,LO1,69,1,2024-03-28,M,8,S106
320,Math,Algebra,LO1,62,1,2024-04-13,F,10,S116
886,English,Grammar,LO1,100,3,2024-01-30,M,9,S106
880,Math,Algebra,LO3,54,2,2024-01-09,F,10,S106
895,Science,Physics,LO3,51,1,2024-04-25,M,10,S117
252,Science,Chemistry,LO2,76,2,2024-04-27,M,8,S109
606,Science,Physics,LO2,78,1,2024-03-02,F,8,S113
504,English,Grammar,LO2,68,3,2024-05-04,F,9,S103
388,Math,Calculus,LO1,93,3,2024-01-04,M,9,S110
143,Science,Chemistry,LO1,54,2,2024-04-30,F,8,S106
626,English,Grammar,LO1,55,1,2024-05-08,F,10,S103
274,Science,Chemistry,LO1,61,1,2024-04-14,F,8,S114
918,Science,Chemistry,LO1,65,1,2024-02-09,M,8,S113
857,English,Composition,LO1,75,2,2024-03-11,M,9,S114
958,Math,Geometry,LO1,64,2,2024-04-29,M,9,S112
639,Math,Geometry,LO2,72,3,2024-04-04,F,10,S109
6,Science,Biology,LO2,65,1,2024-03-23,M,10,S115
162,English,Literature,LO1,99,2,2024-04-20,F,8,S106
59,Science,Physics,LO3,56,2,2024-03-18,M,10,S113
643,English,Composition,LO2,51,2,2024-03-07,F,9,S114
258,Science,Biology,LO1,65,3,2024-04-01,F,10,S105
288,Science,Physics,LO3,97,1,2024-05-14,M,8,S106
877,Math,Geometry,LO3,77,2,2024-03-05,M,8,S109
667,English,Composition,LO3,55,2,2024-03-27,M,8,S109
53,Science,Physics,LO1,98,2,2024-03-14,M,8,S114
960,English,Literature,LO3,63,3,2024-01-29,M,9,S120
86,English,Literature,LO1,88,2,2024-04-22,M,8,S110
445,English,Grammar,LO2,82,2,2024-04-29,M,9,S115
371,Science,Physics,LO2,66,3,2024-01-31,M,10,S114
517,Science,Physics,LO2,58,3,2024-05-20,M,10,S105
231,Science,Physics,LO2,83,2,2024-01-04,F,10,S107
349,English,Literature,LO2,96,1,2024-02-24,M,9,S120
365,Science,Physics,LO2,68,1,2024-04-05,M,9,S120
186,English,Grammar,LO1,66,2,2024-04-30,M,10,S111
566,Math,Calculus,LO1,70,2,2024-01-15,F,10,S106
798,Math,Algebra,LO1,65,1,2024-01-05,M,10,S114
893,Science,Chemistry,LO2,81,3,2024-04-02,F,10,S109
77,Science,Physics,LO1,73,3,2024-01-30,F,8,S116
821,English,Grammar,LO2,75,1,2024-03-25,M,9,S111
324,English,Composition,LO2,88,3,2024-05-03,M,9,S107
761,Science,Biology,LO3,61,3,2024-03-17,F,9,S119
552,Math,Geometry,LO3,77,3,2024-02-16,F,8,S112
622,English,Literature,LO3,83,3,2024-01-16,M,8,S105
472,Math,Calculus,LO2,50,3,2024-01-27,F,8,S106
899,Science,Chemistry,LO1,60,1,2024-02-16,M,9,S101
571,Science,Biology,LO3,68,3,2024-03-09,M,10,S103
863,Science,Biology,LO1,52,3,2024-03-11,F,8,S103
598,Math,Geometry,LO2,67,1,2024-02-11,F,10,S101
291,Science,Chemistry,LO2,60,3,2024-04-09,M,10,S106
618,English,Literature,LO1,50,3,2024-02-04,F,9,S118
692,Science,Physics,LO2,85,1,2024-04-13,F,10,S103
804,English,Composition,LO2,88,2,2024-04-08,F,10,S110
759,English,Composition,LO1,100,2,2024-02-22,F,9,S115
687,Science,Chemistry,LO3,86,3,2024-01-09,F,9,S117
776,Math,Algebra,LO1,83,2,2024-01-26,M,9,S117
522,Science,Chemistry,LO1,85,1,2024-04-24,F,9,S102
198,Science,Physics,LO3,81,3,2024-01-16,M,8,S102
215,English,Grammar,LO1,58,2,2024-02-09,M,9,S110
290,English,Composition,LO3,95,1,2024-02-23,M,10,S117
806,Science,Biology,LO1,79,1,2024-03-14,M,9,S111
159,Science,Biology,LO1,57,1,2024-02-24,F,9,S105
994,English,Literature,LO1,83,1,2024-03-21,F,8,S113
998,English,Composition,LO2,53,3,2024-03-16,F,9,S111
395,English,Composition,LO1,54,1,2024-02-06,F,8,S119
23,Math,Geometry,LO3,94,1,2024-05-11,F,8,S108
954,English,Literature,LO3,96,3,2024-04-02,F,8,S115
375,Math,Calculus,LO1,70,3,2024-03-06,F,9,S116
142,Science,Chemistry,LO2,83,1,2024-04-05,F,9,S103
820,English,Literature,LO3,52,3,2024-04-17,F,10,S104
15,Math,Calculus,LO3,69,2,2024-05-15,F,9,S117
51,Science,Chemistry,LO1,84,2,2024-05-03,F,10,S109
894,English,Literature,LO3,72,1,2024-05-01,F,9,S108
817,Math,Algebra,LO2,77,2,2024-02-04,M,8,S115
350,Math,Algebra,LO3,76,3,2024-02-09,F,9,S102
228,Math,Algebra,LO2,86,1,2024-03-03,F,10,S111
589,Science,Physics,LO2,54,3,2024-02-19,M,8,S113
70,Math,Calculus,LO2,66,1,2024-04-20,F,9,S110
653,Math,Geometry,LO2,69,1,2024-04-04,F,8,S120
132,English,Grammar,LO1,91,2,2024-03-28,F,9,S116
955,Math,Geometry,LO1,58,2,2024-04-06,F,10,S118
57,Math,Algebra,LO1,51,2,2024-03-19,M,9,S118
943,Science,Chemistry,LO1,87,3,2024-04-01,M,10,S116
740,Science,Physics,LO2,56,1,2024-03-08,F,9,S106
755,Math,Calculus,LO2,86,2,2024-01-17,M,10,S118
115,Science,Biology,LO1,78,1,2024-04-26,F,10,S120
457,Math,Algebra,LO3,67,2,2024-05-05,F,10,S106
387,Science,Physics,LO1,70,1,2024-03-09,F,8,S120
114,Math,Calculus,LO1,78,3,2024-05-04,F,9,S118
348,Math,Geometry,LO3,59,3,2024-03-28,F,9,S109
129,Math,Geometry,LO1,90,3,2024-02-23,M,8,S120
673,English,Composition,LO2,78,3,2024-05-03,F,9,S111
16,English,Composition,LO3,52,1,2024-04-02,F,9,S115
283,Science,Biology,LO3,78,2,2024-05-19,F,10,S110
559,Math,Calculus,LO2,63,1,2024-04-03,M,9,S101
71,Science,Physics,LO1,91,3,2024-04-02,F,10,S110
32,English,Composition,LO2,60,1,2024-02-28,F,10,S119
510,Math,Calculus,LO3,95,2,2024-04-20,F,8,S106
978,English,Composition,LO2,78,2,2024-02-13,F,9,S107
98,Math,Calculus,LO3,63,3,2024-04-11,M,9,S118
697,English,Grammar,LO3,61,1,2024-04-08,M,8,S105
695,Math,Geometry,LO1,100,1,2024-04-01,M,10,S116
637,Science,Biology,LO1,90,1,2024-05-09,F,10,S114
921,Math,Algebra,LO2,64,1,2024-03-25,F,8,S120
94,English,Composition,LO2,52,3,2024-05-12,M,9,S107
452,English,Composition,LO1,69,3,2024-02-27,M,8,S117
631,Science,Biology,LO2,97,1,2024-03-05,M,8,S101
295,Math,Geometry,LO1,69,2,2024-01-22,M,10,S115
256,Science,Biology,LO1,96,3,2024-04-18,M,8,S115
747,Math,Algebra,LO1,51,2,2024-04-08,F,9,S103
431,English,Literature,LO2,72,1,2024-05-13,M,9,S116
259,Math,Algebra,LO3,80,2,2024-04-27,M,8,S109
58,Science,Biology,LO1,72,3,2024-01-30,F,8,S109
99,Science,Physics,LO2,76,3,2024-01-12,M,10,S116
131,English,Literature,LO2,85,1,2024-03-13,M,8,S101
367,English,Composition,LO1,96,3,2024-01-17,M,9,S103
103,Science,Chemistry,LO3,53,3,2024-02-18,M,9,S110
826,English,Literature,LO3,61,2,2024-02-22,F,9,S101
864,Science,Physics,LO3,97,1,2024-01-26,F,10,S108
777,Science,Physics,LO1,84,3,2024-02-25,M,8,S102
942,English,Literature,LO1,52,3,2024-01-12,F,10,S104
134,Math,Geometry,LO3,78,3,2024-03-22,F,8,S119
74,English,Literature,LO3,100,3,2024-03-18,F,9,S104
686,Science,Physics,LO3,99,2,2024-03-12,M,8,S112
897,English,Literature,LO2,79,2,2024-02-11,F,9,S118
627,Math,Algebra,LO3,58,2,2024-02-05,F,8,S109
772,Science,Biology,LO3,52,3,2024-02-28,M,8,S102
666,Math,Calculus,LO3,53,3,2024-04-11,F,9,S116
52,English,Literature,LO2,51,3,2024-02-23,F,8,S108
515,Math,Geometry,LO1,99,1,2024-04-30,F,8,S108
224,Science,Chemistry,LO1,78,2,2024-04-09,F,9,S117
294,Math,Calculus,LO2,60,1,2024-03-26,F,9,S106
642,Math,Calculus,LO1,86,1,2024-04-06,M,9,S114
244,Math,Calculus,LO2,94,3,2024-01-01,F,8,S109
664,Science,Chemistry,LO3,63,2,2024-03-05,M,9,S107
21,Math,Geometry,LO2,54,2,2024-02-16,F,9,S115
872,Science,Chemistry,LO3,61,1,2024-05-14,F,10,S105
141,Science,Biology,LO2,68,2,2024-02-04,F,10,S114
489,English,Literature,LO2,74,2,2024-05-13,F,10,S105
764,English,Literature,LO1,90,3,2024-05-16,M,9,S115
418,English,Literature,LO3,70,3,2024-02-12,M,8,S104
34,Math,Calculus,LO2,54,3,2024-05-10,M,8,S104
35,Math,Algebra,LO1,93,1,2024-03-17,M,8,S104
260,Science,Chemistry,LO2,56,2,2024-03-19,M,8,S101
292,Math,Calculus,LO1,50,1,2024-01-10,M,10,S109
87,Math,Geometry,LO1,97,3,2024-04-21,F,9,S117
337,Math,Geometry,LO3,51,2,2024-05-21,M,10,S105
956,Science,Physics,LO3,92,1,2024-05-19,F,9,S114
508,Science,Physics,LO2,97,3,2024-03-23,F,10,S110
633,Math,Algebra,LO1,96,3,2024-01-23,M,10,S118
876,Math,Algebra,LO3,81,2,2024-04-06,M,10,S119
84,Math,Algebra,LO3,70,3,2024-02-22,F,9,S117
936,English,Literature,LO3,85,1,2024-01-13,M,9,S113
923,English,Composition,LO3,92,3,2024-05-10,M,10,S105
423,Science,Biology,LO1,81,1,2024-01-22,F,9,S112
360,Math,Calculus,LO2,83,2,2024-01-19,F,10,S113
914,Math,Calculus,LO3,57,2,2024-03-26,F,8,S112
841,Science,Biology,LO2,91,2,2024-05-10,M,10,S112
868,English,Literature,LO3,62,1,2024-02-07,M,8,S107
398,Science,Chemistry,LO3,93,2,2024-01-22,M,10,S106
739,Math,Algebra,LO1,79,3,2024-03-17,M,9,S116
223,Science,Chemistry,LO2,63,3,2024-01-09,F,9,S103
492,English,Composition,LO2,94,1,2024-02-09,F,9,S114
852,Science,Biology,LO3,79,3,2024-03-11,M,8,S103
335,Science,Biology,LO1,84,1,2024-05-16,M,9,S111
950,Science,Chemistry,LO1,63,1,2024-01-13,M,10,S118
521,English,Composition,LO3,92,1,2024-03-30,M,10,S101
308,Science,Chemistry,LO3,98,1,2024-02-06,F,8,S116
261,Math,Geometry,LO1,54,2,2024-03-21,F,10,S111
382,Science,Chemistry,LO2,98,3,2024-02-05,M,9,S110
696,Science,Biology,LO1,69,2,2024-01-09,F,10,S113
439,English,Literature,LO2,75,1,2024-02-05,M,9,S112
4,English,Grammar,LO1,84,2,2024-04-27,M,9,S116
614,English,Composition,LO1,63,3,2024-01-23,M,8,S110
989,English,Grammar,LO2,56,1,2024-04-01,F,10,S117
602,English,Composition,LO3,72,2,2024-03-04,M,10,S103
116,Science,Physics,LO1,71,1,2024-03-28,M,10,S111
363,Science,Chemistry,LO1,51,1,2024-04-05,F,10,S108
685,Math,Calculus,LO2,75,2,2024-04-15,F,10,S105
669,Math,Algebra,LO3,78,3,2024-03-28,F,8,S114
997,English,Grammar,LO2,50,1,2024-03-10,M,8,S112
46,Science,Physics,LO1,66,3,2024-01-31,M,9,S109
30,English,Composition,LO1,80,3,2024-02-24,M,9,S120
354,English,Literature,LO2,79,2,2024-01-30,F,8,S106
809,Science,Physics,LO2,91,1,2024-04-21,F,8,S110
285,English,Literature,LO2,55,2,2024-03-28,M,8,S111
981,Math,Geometry,LO3,52,1,2024-02-03,M,8,S103
967,Math,Algebra,LO3,52,2,2024-01-11,F,9,S119
900,Science,Biology,LO3,83,3,2024-03-13,F,8,S109
311,English,Composition,LO2,97,1,2024-05-01,F,9,S113
171,English,Grammar,LO3,71,2,2024-05-08,M,8,S105
281,Math,Geometry,LO3,74,1,2024-02-14,M,9,S115
909,English,Composition,LO2,93,3,2024-04-01,M,9,S117
977,Science,Biology,LO2,98,1,2024-01-21,F,10,S120
906,English,Composition,LO2,86,1,2024-05-20,F,9,S103
843,Math,Algebra,LO1,76,3,2024-05-01,M,9,S115
63,English,Literature,LO1,63,2,2024-01-05,M,8,S103
910,Science,Biology,LO1,79,1,2024-02-11,F,9,S106
156,Science,Chemistry,LO3,85,3,2024-03-12,F,9,S108
629,Science,Biology,LO1,93,1,2024-02-03,F,9,S117
796,Math,Calculus,LO1,81,1,2024-04-07,F,9,S118
771,Science,Biology,LO2,65,2,2024-05-04,F,8,S117
974,Math,Algebra,LO2,58,3,2024-05-04,F,10,S105
908,English,Composition,LO1,60,1,2024-02-18,M,8,S117
7,English,Literature,LO1,95,2,2024-03-07,F,10,S112
957,English,Grammar,LO2,63,2,2024-01-02,F,10,S107
43,Science,Physics,LO3,61,1,2024-03-17,M,10,S109
152,Science,Physics,LO1,91,3,2024-02-26,F,9,S102
479,English,Grammar,LO1,50,3,2024-02-29,M,10,S113
754,Math,Algebra,LO1,97,2,2024-01-12,M,10,S117
937,Science,Biology,LO3,73,2,2024-04-27,M,10,S116
502,Math,Geometry,LO1,61,2,2024-02-12,M,9,S119
488,Math,Calculus,LO3,57,3,2024-01-23,M,10,S106
196,Math,Calculus,LO2,60,2,2024-03-24,M,8,S105
191,Science,Biology,LO2,59,2,2024-04-03,M,9,S117
226,Math,Geometry,LO1,54,1,2024-02-03,F,9,S101
586,Math,Algebra,LO3,63,3,2024-05-05,M,9,S113
799,English,Composition,LO3,95,1,2024-01-26,F,9,S104
965,Math,Algebra,LO3,96,1,2024-02-29,F,9,S107
719,Science,Biology,LO3,57,3,2024-04-28,F,8,S107
600,Science,Physics,LO2,69,1,2024-03-07,F,9,S103
654,English,Literature,LO2,63,2,2024-04-08,M,9,S110
144,Math,Geometry,LO1,88,2,2024-03-14,M,9,S113
125,Math,Calculus,LO1,51,2,2024-03-02,M,9,S104
61,English,Literature,LO1,60,2,2024-04-06,F,8,S102
555,Math,Algebra,LO3,56,3,2024-05-20,F,9,S105
681,English,Literature,LO3,62,3,2024-03-25,M,9,S117
275,Science,Chemistry,LO2,57,3,2024-04-14,M,8,S116
819,Science,Physics,LO2,74,1,2024-02-10,M,9,S111
385,Science,Chemistry,LO1,70,3,2024-04-20,F,10,S106
567,English,Literature,LO1,79,1,2024-03-09,M,10,S113
3,Math,Calculus,LO1,99,1,2024-04-16,F,9,S110
158,English,Grammar,LO1,55,1,2024-05-02,M,9,S104
313,Math,Calculus,LO2,87,3,2024-04-16,F,8,S117
486,Science,Biology,LO1,65,2,2024-05-08,M,10,S110
831,English,Composition,LO3,77,2,2024-03-11,F,9,S111
185,Math,Calculus,LO1,51,3,2024-01-04,F,10,S111
137,Math,Geometry,LO1,95,3,2024-04-22,M,8,S117
999,Science,Physics,LO2,68,3,2024-03-23,M,8,S112
815,Math,Algebra,LO3,65,2,2024-05-02,M,10,S120
849,Math,Calculus,LO1,75,1,2024-04-05,F,9,S113
305,Math,Algebra,LO3,61,2,2024-05-11,M,10,S107
438,English,Literature,LO2,76,2,2024-01-03,M,9,S111
391,English,Composition,LO3,57,1,2024-01-13,M,10,S108
202,Science,Physics,LO3,100,2,2024-01-10,M,8,S108
514,Math,Algebra,LO3,76,3,2024-01-22,M,10,S120
547,Science,Physics,LO3,65,3,2024-01-23,M,8,S105
601,Math,Calculus,LO2,87,2,2024-01-22,M,10,S101
649,English,Grammar,LO3,75,1,2024-03-23,M,9,S113
383,Science,Physics,LO3,67,2,2024-02-10,M,8,S119
827,English,Grammar,LO3,61,1,2024-01-01,F,10,S118
257,Science,Biology,LO2,63,3,2024-03-27,M,9,S102
519,Math,Calculus,LO1,72,3,2024-02-19,F,8,S104
254,Science,Biology,LO1,62,3,2024-01-31,F,8,S105
865,Science,Biology,LO1,90,3,2024-05-01,M,10,S106
435,English,Composition,LO2,53,1,2024-03-09,M,9,S105
530,Math,Geometry,LO1,59,1,2024-01-02,F,8,S116
791,Math,Algebra,LO2,90,3,2024-04-18,M,10,S108
862,Science,Physics,LO1,63,1,2024-02-27,M,8,S117
437,English,Literature,LO3,60,3,2024-01-12,M,8,S108
81,English,Composition,LO2,68,2,2024-01-24,F,10,S105
280,Science,Chemistry,LO1,60,3,2024-02-05,M,9,S101
265,English,Literature,LO2,98,1,2024-02-17,M,8,S103
353,Science,Physics,LO3,90,1,2024-01-03,F,8,S103
193,English,Composition,LO2,53,1,2024-02-12,M,10,S109
341,Math,Geometry,LO3,87,3,2024-02-07,M,8,S119
512,Science,Physics,LO2,82,2,2024-02-29,M,8,S118
972,Science,Chemistry,LO1,55,2,2024-05-10,M,10,S104
297,Math,Geometry,LO3,90,3,2024-05-12,M,10,S109
816,Math,Calculus,LO2,87,1,2024-03-15,F,10,S116
421,Science,Chemistry,LO1,70,1,2024-04-28,F,10,S120
884,Math,Calculus,LO1,56,2,2024-05-19,M,10,S103
678,Science,Biology,LO2,89,1,2024-01-07,F,8,S116
947,Science,Biology,LO2,74,3,2024-01-23,F,8,S102
100,Math,Geometry,LO1,64,1,2024-02-26,M,8,S120
225,English,Grammar,LO2,100,1,2024-01-04,M,8,S114
464,Math,Geometry,LO1,81,3,2024-03-05,M,8,S111
710,Math,Algebra,LO2,73,3,2024-05-03,M,9,S118
853,Math,Calculus,LO1,80,3,2024-05-15,M,8,S101
951,English,Composition,LO2,87,2,2024-02-23,F,8,S107
851,Science,Physics,LO1,91,3,2024-05-13,F,9,S113
140,Math,Geometry,LO2,68,3,2024-05-06,F,10,S107
389,English,Composition,LO2,97,1,2024-05-09,M,8,S112
428,Science,Physics,LO3,74,1,2024-02-02,M,10,S108
676,Math,Algebra,LO1,75,3,2024-03-11,M,9,S104
217,Science,Chemistry,LO3,62,1,2024-01-26,F,8,S112
808,Math,Algebra,LO3,100,2,2024-03-29,M,9,S114
688,English,Literature,LO3,88,1,2024-02-24,M,9,S112
123,Math,Algebra,LO3,73,2,2024-04-29,F,10,S111
913,Math,Calculus,LO3,70,3,2024-05-02,F,9,S119
941,English,Composition,LO2,74,2,2024-02-18,M,10,S110
376,Math,Geometry,LO3,90,3,2024-02-05,F,9,S102
41,English,Grammar,LO1,83,1,2024-01-30,M,8,S105
516,Math,Calculus,LO3,65,3,2024-04-26,M,9,S115
232,Science,Biology,LO2,58,2,2024-02-14,M,8,S109
961,English,Grammar,LO2,74,3,2024-05-02,M,8,S118
480,Science,Physics,LO1,57,2,2024-03-26,M,9,S101
92,Math,Geometry,LO1,96,1,2024-04-07,F,9,S103
907,Science,Physics,LO2,62,2,2024-04-24,M,9,S113
351,English,Composition,LO3,95,2,2024-04-03,F,10,S108
441,Math,Geometry,LO1,53,3,2024-01-02,F,10,S116
814,Math,Algebra,LO1,65,3,2024-03-15,F,10,S109
316,English,Literature,LO2,80,2,2024-02-01,M,10,S115
307,Math,Geometry,LO1,69,2,2024-05-19,F,8,S118
453,Science,Biology,LO3,79,2,2024-02-29,M,10,S113
818,Science,Physics,LO3,50,3,2024-03-29,F,8,S113
737,Math,Algebra,LO2,65,1,2024-05-13,M,10,S109
104,Math,Geometry,LO3,72,2,2024-03-18,M,10,S115
628,English,Grammar,LO2,57,2,2024-04-28,F,9,S117
540,English,Literature,LO3,82,2,2024-02-28,F,8,S107
151,English,Composition,LO3,60,1,2024-01-30,M,9,S120
331,Science,Physics,LO1,90,3,2024-02-29,M,10,S117
848,Math,Geometry,LO3,82,2,2024-01-01,F,9,S116
247,English,Literature,LO3,77,1,2024-01-06,M,10,S115
167,English,Composition,LO3,86,2,2024-03-15,M,9,S120
97,Math,Algebra,LO2,62,2,2024-04-11,M,9,S112
163,Science,Physics,LO2,87,1,2024-03-24,F,10,S104
503,English,Grammar,LO2,92,3,2024-03-14,M,9,S111
854,English,Composition,LO2,68,1,2024-03-08,F,9,S117
276,English,Composition,LO3,89,3,2024-04-30,M,10,S104
455,Science,Biology,LO1,85,3,2024-03-06,M,8,S116
610,Science,Chemistry,LO2,56,2,2024-01-01,F,9,S109
155,English,Grammar,LO3,65,1,2024-01-29,F,9,S107
604,Math,Calculus,LO3,80,1,2024-01-25,F,8,S116
890,Math,Calculus,LO3,96,2,2024-04-06,M,10,S101
879,Math,Algebra,LO3,83,2,2024-01-11,F,8,S101
429,Math,Algebra,LO1,87,3,2024-05-03,F,10,S107
714,English,Grammar,LO1,71,2,2024-03-15,M,9,S102
744,Science,Physics,LO1,94,3,2024-04-07,M,10,S106
93,English,Composition,LO2,59,2,2024-02-04,F,10,S106
871,Science,Biology,LO3,92,3,2024-04-24,M,10,S110
317,English,Composition,LO2,80,3,2024-03-19,M,10,S105
867,Science,Chemistry,LO1,83,1,2024-04-16,M,9,S102
699,Science,Biology,LO1,93,1,2024-05-01,M,10,S101
101,English,Composition,LO1,61,2,2024-02-19,F,10,S116
490,Math,Geometry,LO3,70,2,2024-04-13,M,8,S116
840,Science,Chemistry,LO3,74,3,2024-04-01,M,8,S105
621,Math,Calculus,LO1,56,2,2024-03-05,F,10,S109
690,English,Composition,LO2,85,3,2024-05-15,F,9,S115
246,Science,Biology,LO2,95,2,2024-03-09,M,8,S112
201,Science,Biology,LO1,88,2,2024-01-06,M,10,S104
357,English,Composition,LO1,70,3,2024-04-05,M,8,S112
652,Math,Algebra,LO3,60,2,2024-05-02,F,10,S102
304,Science,Biology,LO2,53,1,2024-05-21,F,8,S119
850,English,Grammar,LO3,97,1,2024-04-28,F,8,S105
417,Math,Algebra,LO1,74,1,2024-04-21,M,9,S103
416,English,Grammar,LO2,69,1,2024-01-11,M,8,S115
655,Math,Calculus,LO1,56,3,2024-02-12,M,9,S109
73,Science,Physics,LO1,93,1,2024-01-08,M,9,S119
227,Math,Geometry,LO1,56,1,2024-03-09,F,9,S109
979,Math,Calculus,LO3,54,1,2024-04-11,M,8,S109
378,Science,Biology,LO2,65,2,2024-01-15,F,10,S104
617,Math,Algebra,LO2,85,3,2024-03-09,M,9,S103
624,Science,Biology,LO1,61,1,2024-05-11,F,10,S117
775,Science,Physics,LO2,77,3,2024-04-12,M,10,S120
573,Science,Physics,LO1,85,2,2024-04-08,M,10,S103
671,Math,Calculus,LO1,88,2,2024-02-17,M,10,S118
76,Math,Algebra,LO3,83,3,2024-04-15,F,10,S120
553,Math,Geometry,LO3,64,1,2024-02-15,F,8,S104
554,Math,Geometry,LO1,71,1,2024-04-17,F,8,S105
45,Math,Geometry,LO3,84,2,2024-01-16,F,10,S119
282,Math,Geometry,LO3,83,2,2024-01-29,M,9,S113
119,Math,Geometry,LO3,70,1,2024-04-21,F,9,S117
121,English,Grammar,LO1,88,3,2024-03-29,M,10,S111
146,Science,Chemistry,LO3,99,3,2024-02-13,M,10,S102
545,Science,Biology,LO3,82,1,2024-02-24,F,10,S106
364,Math,Algebra,LO1,79,2,2024-05-14,M,9,S118
506,Math,Calculus,LO1,57,2,2024-04-20,M,9,S119
679,Science,Physics,LO3,82,1,2024-04-16,M,10,S116
665,Science,Physics,LO2,68,2,2024-02-18,F,8,S105
949,Math,Geometry,LO1,64,3,2024-03-19,F,9,S112
885,English,Composition,LO3,99,1,2024-04-11,M,9,S119
369,Science,Biology,LO2,89,1,2024-05-15,F,10,S101
419,Math,Algebra,LO1,94,1,2024-04-30,F,9,S111
338,Science,Chemistry,LO2,78,2,2024-05-10,F,10,S117
253,English,Literature,LO3,64,2,2024-01-28,M,9,S117
495,English,Composition,LO3,65,2,2024-04-18,F,9,S119
446,English,Literature,LO1,57,3,2024-03-15,M,9,S115
881,Math,Geometry,LO1,97,2,2024-05-07,M,10,S110
33,Science,Biology,LO3,93,1,2024-01-22,F,9,S112
39,English,Literature,LO1,87,2,2024-04-21,F,9,S117
448,Science,Chemistry,LO1,54,3,2024-04-30,M,8,S116
47,Science,Chemistry,LO3,75,1,2024-02-22,M,8,S113
691,Math,Algebra,LO3,70,1,2024-02-15,M,9,S109
106,Science,Chemistry,LO3,81,3,2024-01-20,F,9,S115
425,Science,Biology,LO1,66,2,2024-01-30,M,9,S118
91,Math,Algebra,LO3,50,1,2024-03-28,F,8,S115
430,Math,Calculus,LO1,87,1,2024-05-14,F,9,S109
187,Math,Calculus,LO2,73,2,2024-02-07,M,8,S120
470,Science,Biology,LO2,78,2,2024-03-08,M,10,S101
507,Science,Biology,LO2,68,1,2024-05-01,F,10,S101
372,Science,Chemistry,LO1,70,2,2024-03-11,M,10,S109
615,English,Grammar,LO1,58,3,2024-04-11,F,8,S113
476,English,Composition,LO2,57,2,2024-01-24,M,8,S110
859,Math,Calculus,LO3,54,3,2024-03-21,M,9,S109
536,Science,Chemistry,LO3,63,2,2024-01-29,M,10,S109
971,Math,Geometry,LO2,78,1,2024-04-10,M,8,S109
362,Science,Biology,LO2,70,1,2024-03-26,M,10,S118
230,English,Grammar,LO2,70,3,2024-04-07,M,10,S105
592,English,Literature,LO2,53,2,2024-05-06,M,8,S113
181,English,Composition,LO1,66,3,2024-02-28,F,9,S119
9,Math,Geometry,LO3,60,1,2024-04-05,M,8,S111
172,Science,Biology,LO2,50,3,2024-04-30,F,9,S116
474,Math,Algebra,LO1,92,3,2024-04-22,M,9,S118
716,English,Grammar,LO1,79,3,2024-04-01,F,8,S102
701,Science,Physics,LO2,96,3,2024-01-09,F,9,S119
768,Math,Algebra,LO3,55,1,2024-01-23,F,10,S120
481,Science,Chemistry,LO3,68,3,2024-04-06,M,9,S108
963,English,Grammar,LO2,76,3,2024-03-10,M,9,S102
262,Math,Calculus,LO3,76,1,2024-04-09,M,9,S108
870,English,Literature,LO1,89,2,2024-02-08,M,9,S117
847,Science,Biology,LO3,98,2,2024-03-31,F,8,S103
79,Math,Calculus,LO2,70,1,2024-01-28,M,9,S119
26,English,Composition,LO1,51,3,2024-05-14,M,9,S104
342,Science,Biology,LO3,58,3,2024-01-14,M,10,S116
874,Science,Chemistry,LO1,79,1,2024-04-15,F,8,S114
636,Math,Geometry,LO1,94,2,2024-02-02,F,10,S107
28,Science,Biology,LO1,83,3,2024-02-12,M,9,S116
414,Math,Calculus,LO2,86,2,2024-03-15,M,9,S114
748,Math,Geometry,LO1,72,2,2024-03-27,M,9,S109
145,English,Literature,LO3,56,1,2024-04-23,M,10,S101
964,Science,Physics,LO1,66,2,2024-03-06,F,9,S120
810,Science,Physics,LO3,61,2,2024-01-20,F,8,S103
161,English,Composition,LO1,80,1,2024-02-12,M,8,S105
529,English,Literature,LO1,54,2,2024-05-07,M,10,S120
902,English,Composition,LO1,76,2,2024-01-01,F,8,S119
109,English,Grammar,LO3,58,3,2024-04-17,F,8,S101
17,English,Grammar,LO1,73,1,2024-02-11,M,9,S120
888,Math,Algebra,LO1,79,3,2024-05-05,F,8,S106
154,Math,Calculus,LO1,95,1,2024-02-07,F,9,S116
634,Math,Geometry,LO1,56,2,2024-04-21,F,10,S119
684,Math,Algebra,LO1,85,3,2024-02-22,F,9,S114
462,Math,Calculus,LO3,96,2,2024-01-16,M,9,S108
433,English,Composition,LO2,85,2,2024-02-18,F,8,S120
563,English,Literature,LO2,89,2,2024-04-12,F,8,S111
95,Science,Chemistry,LO2,61,1,2024-03-10,F,9,S109
85,Science,Physics,LO2,98,2,2024-01-11,M,10,S113
271,English,Grammar,LO1,60,3,2024-02-16,F,9,S107
903,English,Composition,LO3,75,1,2024-01-01,F,8,S107
603,Math,Algebra,LO1,62,3,2024-02-15,M,9,S120
312,Science,Biology,LO2,91,1,2024-02-13,M,10,S116
763,Math,Geometry,LO2,80,3,2024-02-17,M,10,S115
175,Math,Algebra,LO3,80,2,2024-04-01,M,8,S107
760,English,Grammar,LO3,52,2,2024-04-09,M,10,S117
440,Science,Physics,LO3,60,1,2024-04-20,F,10,S108
742,English,Grammar,LO2,59,2,2024-05-17,F,9,S106
912,English,Composition,LO2,60,3,2024-02-28,F,9,S106
830,Math,Geometry,LO3,51,2,2024-01-24,M,9,S104
373,Math,Algebra,LO1,91,1,2024-03-24,M,8,S110
250,Math,Geometry,LO3,62,3,2024-04-19,M,8,S101
930,Math,Algebra,LO3,63,2,2024-01-31,M,8,S118
66,Math,Algebra,LO2,66,1,2024-03-17,M,10,S108
856,English,Composition,LO3,95,3,2024-05-20,M,10,S119
797,Math,Calculus,LO2,91,1,2024-02-11,F,8,S116
2,Science,Biology,LO1,75,1,2024-01-31,M,10,S117
424,Science,Chemistry,LO2,53,3,2024-02-09,F,8,S101
332,Math,Calculus,LO3,66,2,2024-01-07,M,8,S120
596,Science,Biology,LO2,75,2,2024-04-29,M,8,S115
558,English,Grammar,LO2,82,3,2024-01-20,M,10,S115
29,Science,Physics,LO1,89,2,2024-04-20,M,8,S119
406,Math,Calculus,LO2,73,2,2024-01-06,M,10,S105
933,Math,Geometry,LO2,57,1,2024-04-13,F,10,S109
623,Math,Algebra,LO2,50,3,2024-02-08,M,10,S103
182,Science,Chemistry,LO3,51,2,2024-03-16,F,10,S107
386,English,Composition,LO3,58,2,2024-03-28,F,10,S120
537,English,Literature,LO3,56,1,2024-01-28,M,10,S118
301,English,Literature,LO3,79,2,2024-02-28,F,10,S119
286,Science,Physics,LO1,70,1,2024-02-26,M,9,S118
835,Math,Calculus,LO2,72,2,2024-04-22,F,8,S107
11,Science,Biology,LO2,81,3,2024-03-21,F,9,S101
96,English,Composition,LO1,75,1,2024-05-12,M,9,S118
647,English,Literature,LO3,56,3,2024-05-19,F,10,S101
42,Science,Physics,LO2,75,1,2024-01-09,M,9,S116
625,English,Composition,LO2,85,3,2024-01-05,F,8,S103
611,Math,Geometry,LO2,55,2,2024-04-09,M,9,S106
969,Math,Calculus,LO1,99,3,2024-03-01,F,8,S118
178,English,Composition,LO2,89,2,2024-02-09,F,9,S106
135,English,Literature,LO3,90,3,2024-04-22,F,8,S105
562,Science,Biology,LO3,77,3,2024-01-09,M,9,S116
412,Math,Geometry,LO1,57,2,2024-05-18,F,10,S105
120,Math,Calculus,LO1,56,3,2024-01-25,F,10,S107
78,Science,Chemistry,LO3,66,3,2024-03-05,F,8,S105
524,Science,Biology,LO1,100,3,2024-03-29,M,9,S114
241,Math,Algebra,LO3,59,1,2024-01-17,M,8,S118
149,Math,Algebra,LO1,95,2,2024-04-17,F,9,S106
959,Math,Algebra,LO3,91,2,2024-04-21,M,8,S115
150,English,Literature,LO2,78,1,2024-01-06,M,8,S118
920,Science,Physics,LO2,68,2,2024-04-05,M,9,S108
491,Science,Physics,LO1,54,3,2024-02-04,M,9,S118
397,English,Literature,LO3,97,3,2024-03-08,F,9,S116
233,Science,Chemistry,LO2,82,2,2024-05-01,F,9,S112
640,Math,Geometry,LO2,63,2,2024-05-02,F,9,S104
708,Science,Chemistry,LO2,74,1,2024-04-27,M,10,S120
396,Math,Geometry,LO2,69,2,2024-03-04,F,8,S107
404,Math,Calculus,LO2,81,1,2024-01-06,F,10,S104
712,Math,Calculus,LO2,94,3,2024-04-06,M,9,S111
581,Math,Algebra,LO1,60,2,2024-05-13,M,10,S112
303,English,Grammar,LO2,66,2,2024-05-03,F,9,S114
689,Math,Calculus,LO1,54,3,2024-03-24,M,9,S120
607,Science,Physics,LO3,75,2,2024-03-27,M,10,S105
729,English,Grammar,LO3,52,1,2024-02-06,F,8,S119
620,Math,Calculus,LO1,92,2,2024-04-11,F,8,S109
473,Science,Physics,LO2,55,3,2024-04-17,M,9,S112
931,English,Composition,LO1,78,3,2024-04-07,M,9,S101
352,Math,Algebra,LO3,99,2,2024-02-04,F,10,S110
401,Science,Chemistry,LO1,53,2,2024-03-28,M,9,S101
531,Math,Calculus,LO3,75,3,2024-05-18,F,9,S120
765,Math,Geometry,LO2,99,2,2024-01-05,F,9,S110
523,Science,Chemistry,LO3,54,3,2024-03-17,M,8,S111
579,Math,Calculus,LO3,99,1,2024-02-13,F,8,S118
556,English,Grammar,LO2,96,3,2024-05-01,F,10,S113
982,Math,Algebra,LO3,60,1,2024-04-12,M,10,S112
195,English,Composition,LO3,51,3,2024-01-13,M,9,S102
746,English,Grammar,LO2,63,3,2024-03-25,M,10,S118
50,English,Literature,LO1,67,2,2024-02-04,M,9,S101
499,Math,Algebra,LO3,52,2,2024-02-03,F,8,S103
770,English,Literature,LO2,60,3,2024-01-08,F,9,S107
542,English,Composition,LO1,82,1,2024-05-15,M,9,S120
928,Science,Physics,LO2,75,3,2024-03-03,F,9,S101
702,Math,Geometry,LO3,56,2,2024-03-22,M,8,S110
975,English,Literature,LO3,85,3,2024-03-06,M,8,S109
384,Science,Physics,LO2,61,1,2024-05-05,M,8,S113
407,Science,Biology,LO3,81,1,2024-01-14,F,10,S112
988,English,Composition,LO3,68,3,2024-02-08,M,9,S117
704,Math,Calculus,LO1,61,2,2024-04-09,M,10,S119
413,Math,Geometry,LO2,89,2,2024-04-03,F,9,S101
368,Science,Physics,LO2,80,2,2024-04-26,F,10,S106
991,English,Composition,LO3,82,3,2024-02-24,M,10,S110
24,Science,Biology,LO1,55,3,2024-03-16,F,8,S115
147,English,Literature,LO2,65,2,2024-04-30,F,8,S114
723,Math,Geometry,LO1,68,2,2024-02-01,F,8,S112
300,Science,Biology,LO2,69,1,2024-01-02,F,10,S120
289,Science,Biology,LO3,63,3,2024-03-21,M,8,S115
544,Science,Chemistry,LO2,75,1,2024-03-18,F,8,S113
450,Science,Chemistry,LO3,86,1,2024-03-15,F,10,S108
405,Science,Physics,LO2,77,3,2024-05-01,M,8,S103
374,English,Literature,LO1,55,3,2024-04-15,F,8,S115
750,Math,Algebra,LO1,67,2,2024-04-24,M,9,S119
393,Science,Chemistry,LO3,77,3,2024-03-25,F,9,S119
176,English,Grammar,LO3,71,3,2024-01-21,M,9,S117
314,Math,Geometry,LO1,81,1,2024-05-06,F,9,S107
381,English,Composition,LO1,68,2,2024-05-10,F,10,S111
612,Science,Biology,LO3,57,3,2024-01-26,F,8,S110
478,Science,Chemistry,LO3,66,2,2024-01-16,M,9,S103
728,English,Literature,LO1,95,3,2024-01-19,M,9,S108
995,English,Literature,LO1,68,3,2024-05-20,F,8,S105
659,Math,Algebra,LO2,79,1,2024-03-18,F,8,S111
722,Math,Algebra,LO3,52,1,2024-01-29,F,9,S108
10,Math,Geometry,LO1,91,3,2024-03-31,F,8,S111
713,Math,Geometry,LO2,94,1,2024-01-28,F,10,S102
55,Science,Physics,LO1,55,3,2024-05-10,M,10,S114
855,English,Grammar,LO3,60,3,2024-02-12,F,9,S111
494,Math,Algebra,LO2,97,3,2024-03-15,M,9,S116
812,Science,Biology,LO1,95,3,2024-04-20,M,10,S112
569,Science,Physics,LO2,70,1,2024-04-08,M,9,S104
882,English,Composition,LO2,76,3,2024-01-23,F,8,S107
866,Science,Physics,LO3,59,1,2024-02-26,M,10,S107
878,English,Grammar,LO2,69,1,2024-03-15,M,9,S103
447,Math,Geometry,LO2,95,1,2024-02-11,M,8,S108
898,Science,Physics,LO3,57,2,2024-05-20,M,10,S104
773,Science,Chemistry,LO1,75,2,2024-04-27,M,10,S101
108,English,Grammar,LO3,65,3,2024-04-28,M,8,S114
1000,Math,Geometry,LO1,89,3,2024-01-02,F,10,S118
861,English,Grammar,LO2,72,3,2024-03-13,M,9,S107
451,English,Literature,LO1,52,1,2024-04-22,F,8,S120
496,English,Composition,LO2,80,1,2024-03-19,F,10,S112
298,Science,Physics,LO1,91,3,2024-01-28,F,10,S105
409,Science,Biology,LO3,75,3,2024-01-22,F,9,S114
661,Science,Biology,LO3,83,2,2024-01-11,M,9,S120
922,Math,Calculus,LO3,50,2,2024-03-24,M,10,S103
584,Science,Biology,LO2,58,1,2024-01-12,M,8,S120
442,Science,Biology,LO3,68,1,2024-04-09,F,10,S115
359,English,Grammar,LO3,51,1,2024-03-21,F,9,S118
753,Science,Physics,LO1,91,2,2024-05-09,F,10,S120
219,Science,Biology,LO1,75,3,2024-04-25,M,9,S109
124,English,Composition,LO2,96,2,2024-05-13,M,9,S104
948,Math,Calculus,LO2,84,1,2024-03-11,F,8,S116
105,English,Literature,LO1,82,3,2024-05-05,M,9,S107
803,Math,Geometry,LO3,62,3,2024-02-13,F,10,S112
505,English,Grammar,LO3,70,1,2024-04-21,M,10,S109
925,Math,Geometry,LO2,85,2,2024-01-11,M,10,S120
616,English,Composition,LO2,79,1,2024-02-08,M,9,S120
48,Science,Biology,LO1,90,1,2024-02-19,F,8,S109
788,Math,Algebra,LO3,98,1,2024-02-10,F,8,S110
467,Science,Physics,LO3,84,3,2024-01-03,F,9,S109
574,English,Literature,LO1,53,1,2024-02-17,M,10,S105
420,Science,Biology,LO3,74,1,2024-05-11,M,9,S119
113,English,Literature,LO2,57,3,2024-02-07,M,8,S115
27,Science,Biology,LO3,63,3,2024-03-09,F,10,S112
267,English,Literature,LO3,99,1,2024-03-28,F,10,S115
707,Science,Physics,LO1,73,1,2024-02-19,M,9,S108
390,English,Literature,LO2,66,3,2024-02-13,M,8,S119
168,English,Composition,LO3,53,1,2024-04-04,M,10,S115
543,Math,Algebra,LO2,57,3,2024-01-31,M,8,S120
546,Math,Geometry,LO2,58,1,2024-01-06,F,9,S114
648,English,Literature,LO2,77,1,2024-04-21,M,10,S106
756,English,Literature,LO3,99,2,2024-02-10,M,9,S105
550,Math,Calculus,LO2,78,2,2024-03-16,M,8,S119
377,English,Composition,LO2,59,1,2024-04-25,F,9,S114
645,Science,Physics,LO2,66,2,2024-05-06,F,9,S114
869,Science,Physics,LO3,71,3,2024-04-24,F,9,S117
213,Math,Algebra,LO3,95,2,2024-02-05,M,10,S120
18,Science,Chemistry,LO3,71,3,2024-04-08,M,9,S114
585,English,Grammar,LO1,81,2,2024-02-06,F,8,S118
214,Math,Geometry,LO1,50,3,2024-05-08,F,8,S108
577,English,Grammar,LO1,52,3,2024-01-17,F,9,S104
751,English,Grammar,LO3,94,1,2024-04-20,F,8,S108
838,English,Literature,LO1,91,1,2024-04-14,M,10,S110
990,Science,Physics,LO3,53,1,2024-02-25,F,8,S114
248,Science,Physics,LO1,54,1,2024-05-02,F,10,S113
929,English,Composition,LO2,85,1,2024-04-22,M,9,S114
593,Math,Geometry,LO3,67,1,2024-03-30,M,10,S117
660,Math,Calculus,LO3,77,2,2024-05-17,M,8,S120
889,English,Grammar,LO3,80,2,2024-05-21,F,8,S120
251,Science,Biology,LO2,54,3,2024-03-24,F,9,S115
122,Science,Physics,LO3,54,3,2024-04-29,F,8,S114
781,English,Literature,LO3,88,2,2024-01-11,F,9,S104
336,English,Literature,LO2,67,2,2024-04-23,M,8,S103
917,Science,Physics,LO2,66,3,2024-04-23,M,10,S104
449,Math,Algebra,LO1,68,1,2024-04-26,M,8,S117
459,Math,Geometry,LO1,93,3,2024-02-23,F,8,S115
475,English,Grammar,LO3,87,2,2024-01-16,F,9,S108
323,English,Literature,LO2,59,1,2024-05-14,F,9,S108
644,English,Composition,LO2,57,2,2024-03-04,F,9,S118
205,English,Composition,LO1,69,3,2024-05-06,F,9,S114
730,Math,Calculus,LO3,88,2,2024-05-17,M,8,S112
138,Science,Biology,LO2,80,2,2024-02-20,F,9,S117
279,Science,Physics,LO2,55,3,2024-03-21,M,9,S102
599,Science,Biology,LO1,63,3,2024-01-14,F,9,S104
887,Science,Biology,LO1,81,1,2024-03-12,F,9,S109
987,English,Literature,LO3,76,2,2024-02-27,F,10,S109
408,Math,Calculus,LO2,67,2,2024-04-09,M,10,S119
208,Math,Algebra,LO1,82,1,2024-04-25,F,8,S108
968,Math,Calculus,LO3,100,3,2024-03-29,F,10,S116
813,Math,Calculus,LO3,99,2,2024-02-06,M,10,S110
901,Science,Biology,LO2,94,1,2024-02-23,F,10,S103
272,Math,Geometry,LO2,73,2,2024-01-05,M,8,S112
845,English,Composition,LO3,72,1,2024-01-13,M,10,S116
532,English,Literature,LO3,66,2,2024-04-23,M,9,S112
346,English,Grammar,LO1,98,3,2024-01-08,M,9,S108
785,English,Composition,LO1,79,2,2024-04-06,F,8,S109
174,Science,Physics,LO3,67,1,2024-04-06,M,10,S114
268,Math,Calculus,LO3,59,3,2024-03-28,F,8,S116
646,Math,Calculus,LO3,77,2,2024-04-14,M,9,S105
287,Math,Calculus,LO2,93,2,2024-01-04,F,10,S108
321,Science,Physics,LO3,85,2,2024-04-23,M,9,S104
482,English,Grammar,LO2,97,1,2024-05-21,F,8,S103
206,Math,Algebra,LO3,64,1,2024-02-26,F,10,S115
597,Science,Physics,LO1,56,3,2024-03-23,M,10,S104
255,Science,Chemistry,LO2,72,2,2024-01-27,M,10,S109
787,Math,Algebra,LO3,53,2,2024-05-16,F,10,S106
399,English,Composition,LO2,95,2,2024-01-30,M,9,S108
355,Math,Geometry,LO2,100,3,2024-05-01,F,9,S112
541,English,Literature,LO3,59,3,2024-02-05,F,9,S112
477,Math,Calculus,LO2,95,3,2024-04-20,F,9,S115
60,Science,Physics,LO2,85,2,2024-03-07,F,8,S101
576,English,Grammar,LO2,91,1,2024-04-12,F,10,S113
358,Science,Biology,LO1,98,2,2024-02-28,M,8,S120
605,English,Grammar,LO3,55,1,2024-05-09,F,9,S105
436,Science,Chemistry,LO3,89,2,2024-04-02,F,9,S117
44,English,Composition,LO1,58,1,2024-04-23,F,9,S110
136,Science,Chemistry,LO1,78,3,2024-01-07,M,10,S111
339,English,Literature,LO3,79,3,2024-01-17,M,8,S112
127,English,Literature,LO1,91,2,2024-03-11,F,9,S116
970,English,Grammar,LO2,71,1,2024-02-22,M,9,S114
839,English,Literature,LO2,98,1,2024-01-18,M,9,S118
715,English,Literature,LO1,98,1,2024-05-02,M,9,S111
235,English,Composition,LO2,69,2,2024-01-30,F,9,S101
657,Science,Chemistry,LO2,65,1,2024-03-04,M,10,S111
720,Math,Calculus,LO3,51,3,2024-02-10,M,9,S115
471,Science,Physics,LO2,56,3,2024-03-29,M,10,S101
587,English,Composition,LO3,98,3,2024-02-06,F,10,S106
927,Math,Calculus,LO1,77,1,2024-04-23,M,9,S117
595,English,Composition,LO3,64,3,2024-03-14,F,10,S102
392,Science,Chemistry,LO3,95,1,2024-05-02,M,10,S114
278,Science,Chemistry,LO2,87,1,2024-04-13,M,9,S116
204,English,Composition,LO2,60,3,2024-04-27,F,8,S115
672,Math,Calculus,LO2,70,2,2024-05-14,M,10,S106
919,English,Composition,LO3,68,3,2024-03-13,F,10,S117
560,English,Literature,LO1,96,2,2024-02-27,F,9,S106
789,Science,Physics,LO1,58,3,2024-03-26,M,9,S116
829,English,Grammar,LO2,89,1,2024-03-03,F,10,S101
590,Science,Chemistry,LO1,98,3,2024-03-01,F,8,S117
844,Math,Geometry,LO2,51,3,2024-05-10,F,10,S118
651,Math,Geometry,LO3,85,3,2024-04-08,F,10,S111
284,English,Grammar,LO3,89,2,2024-05-21,F,8,S116
334,Math,Geometry,LO3,90,1,2024-03-29,F,10,S108
221,Science,Biology,LO3,77,3,2024-02-07,F,10,S109
891,English,Grammar,LO1,89,2,2024-03-09,F,9,S107
551,Science,Biology,LO1,62,3,2024-02-05,M,10,S108
229,Math,Calculus,LO1,57,1,2024-04-11,M,9,S105
318,English,Grammar,LO3,67,2,2024-01-05,F,9,S119
548,Math,Geometry,LO1,61,3,2024-01-14,F,10,S110
572,Math,Geometry,LO3,79,3,2024-03-13,F,9,S118
400,Science,Chemistry,LO2,53,3,2024-02-23,F,10,S103
5,English,Composition,LO3,85,2,2024-04-20,M,10,S105
509,Science,Chemistry,LO2,91,1,2024-03-13,F,10,S113
779,English,Composition,LO3,90,2,2024-04-26,F,9,S112
650,Science,Biology,LO1,90,3,2024-03-17,F,8,S116
327,Science,Chemistry,LO2,69,3,2024-03-12,F,8,S115
344,English,Literature,LO3,65,2,2024-02-18,M,10,S106
682,Math,Calculus,LO2,59,3,2024-01-28,M,8,S102
953,Science,Physics,LO2,79,3,2024-03-17,M,9,S105
427,English,Literature,LO2,54,3,2024-05-10,F,9,S115
444,Math,Algebra,LO3,76,2,2024-03-06,M,8,S107
340,Math,Algebra,LO1,64,1,2024-03-16,M,9,S107
837,Math,Geometry,LO1,77,1,2024-05-06,F,8,S119
575,English,Grammar,LO3,97,2,2024-02-05,M,10,S107
805,Math,Algebra,LO2,97,2,2024-02-10,M,10,S118
243,English,Composition,LO1,82,2,2024-05-09,F,10,S102
641,English,Composition,LO3,75,3,2024-01-30,M,8,S102
792,English,Grammar,LO3,85,3,2024-03-22,F,9,S119
511,Math,Geometry,LO2,100,3,2024-02-19,F,10,S112
663,Math,Algebra,LO1,70,3,2024-03-15,F,8,S115
825,Science,Chemistry,LO3,95,1,2024-02-25,M,10,S109
236,Science,Biology,LO2,98,1,2024-05-06,F,8,S117
234,Science,Physics,LO1,56,1,2024-05-10,M,9,S109
608,Math,Calculus,LO3,80,3,2024-01-07,M,9,S104
194,Science,Biology,LO2,59,3,2024-03-26,M,10,S108
802,Math,Calculus,LO3,68,3,2024-04-11,F,8,S113
984,English,Literature,LO2,62,1,2024-02-09,F,10,S120
520,Math,Geometry,LO3,73,3,2024-02-24,F,9,S106
190,Science,Chemistry,LO3,65,1,2024-02-05,F,10,S114
197,Science,Physics,LO1,88,1,2024-04-10,F,9,S101
932,Math,Algebra,LO2,60,2,2024-01-09,F,8,S101
249,Math,Algebra,LO2,94,3,2024-05-14,M,10,S105
533,English,Composition,LO2,73,3,2024-01-14,M,8,S105
209,Science,Biology,LO1,73,1,2024-01-08,F,9,S103
527,English,Composition,LO2,80,1,2024-02-07,F,8,S117
402,Science,Physics,LO2,100,1,2024-01-15,F,9,S107
580,Math,Algebra,LO2,51,1,2024-02-06,M,9,S104
38,Science,Physics,LO3,84,1,2024-04-09,M,8,S112
962,Science,Chemistry,LO2,81,1,2024-02-26,F,10,S120
752,Math,Calculus,LO2,74,3,2024-01-22,F,10,S103
711,Math,Geometry,LO3,65,3,2024-01-18,F,10,S112
904,Science,Physics,LO2,84,1,2024-01-26,M,10,S117
238,Math,Algebra,LO2,92,3,2024-04-16,F,10,S111
463,Math,Geometry,LO1,79,1,2024-05-05,M,8,S117
166,English,Composition,LO1,54,3,2024-01-31,F,9,S117
68,English,Grammar,LO1,60,2,2024-02-06,M,8,S113
568,Math,Calculus,LO2,62,1,2024-03-23,F,10,S117
75,Math,Calculus,LO1,54,1,2024-03-09,F,9,S107
148,Science,Biology,LO1,52,2,2024-01-06,F,8,S103
370,Science,Chemistry,LO1,92,2,2024-03-26,M,10,S120
199,Science,Physics,LO2,66,3,2024-04-03,M,9,S119
946,Math,Geometry,LO2,83,3,2024-03-04,M,9,S114
212,English,Literature,LO1,56,2,2024-03-27,F,10,S112
264,English,Grammar,LO2,65,3,2024-01-23,M,9,S119
483,English,Literature,LO3,72,2,2024-03-30,M,8,S110
783,English,Literature,LO1,62,3,2024-02-10,M,8,S115
766,Science,Physics,LO3,90,2,2024-03-06,M,8,S104
49,Science,Chemistry,LO3,84,3,2024-01-23,M,8,S108
858,English,Literature,LO3,61,2,2024-03-19,F,10,S112
160,Science,Physics,LO2,56,1,2024-02-03,M,9,S101
20,Math,Geometry,LO1,58,2,2024-01-17,F,10,S114
945,English,Grammar,LO3,70,2,2024-03-04,M,10,S119
834,Math,Geometry,LO3,68,2,2024-03-04,M,10,S118
570,English,Grammar,LO2,90,1,2024-01-13,M,9,S109
422,Math,Algebra,LO1,55,3,2024-05-07,M,10,S115
578,English,Literature,LO3,90,2,2024-04-13,F,10,S114
328,Math,Geometry,LO2,51,3,2024-01-31,M,8,S112
632,English,Grammar,LO2,70,1,2024-05-13,M,10,S120
80,English,Literature,LO3,65,1,2024-01-05,F,10,S120
883,English,Composition,LO2,50,1,2024-04-19,M,10,S116
31,English,Literature,LO1,61,2,2024-05-17,M,8,S106
782,Science,Physics,LO1,58,2,2024-03-08,F,10,S113
216,Science,Physics,LO1,50,2,2024-04-10,F,9,S113
677,Math,Geometry,LO3,60,1,2024-02-05,F,8,S114
1,Math,Calculus,LO1,73,2,2024-02-20,M,8,S107
310,English,Literature,LO2,53,2,2024-03-20,F,8,S105
745,English,Literature,LO3,99,2,2024-05-07,M,8,S116
938,English,Grammar,LO1,96,1,2024-02-11,F,9,S113
561,Science,Chemistry,LO3,70,3,2024-05-21,F,8,S102
210,Science,Biology,LO1,93,2,2024-04-03,F,10,S109
82,Math,Algebra,LO2,87,1,2024-04-17,F,8,S103
361,English,Composition,LO1,62,2,2024-03-14,M,8,S111
734,Math,Algebra,LO2,94,1,2024-03-25,F,9,S116
939,English,Composition,LO1,74,2,2024-03-05,F,10,S120
188,English,Grammar,LO3,92,3,2024-01-27,M,8,S119
347,English,Literature,LO3,84,1,2024-04-12,M,9,S113
757,Math,Calculus,LO1,70,2,2024-05-15,M,8,S107
528,Math,Geometry,LO2,85,1,2024-03-09,F,10,S105
703,English,Literature,LO3,92,1,2024-04-29,M,9,S120
944,Science,Biology,LO2,54,2,2024-03-25,M,10,S113
403,Math,Algebra,LO3,63,3,2024-02-18,F,9,S118
72,English,Literature,LO3,76,3,2024-04-14,F,8,S107
434,Science,Physics,LO2,74,3,2024-03-06,M,8,S107
538,Science,Chemistry,LO3,78,2,2024-03-30,M,10,S101
443,English,Composition,LO3,99,3,2024-02-22,F,9,S114
469,Science,Chemistry,LO2,95,1,2024-03-05,F,10,S119
366,English,Composition,LO3,78,3,2024-04-13,M,9,S109
705,Math,Calculus,LO2,60,1,2024-02-17,F,9,S106
111,English,Composition,LO2,72,1,2024-03-02,F,8,S118
501,English,Composition,LO1,100,1,2024-04-13,M,8,S114
306,Math,Algebra,LO3,78,1,2024-02-16,F,9,S111
326,Math,Algebra,LO1,58,3,2024-01-13,F,10,S105
725,English,Grammar,LO3,77,1,2024-02-19,F,9,S111
638,Math,Calculus,LO1,97,3,2024-05-13,M,9,S120
973,Math,Calculus,LO1,86,1,2024-04-01,M,8,S118
497,Math,Algebra,LO1,78,2,2024-03-12,M,10,S116
774,Math,Algebra,LO3,90,2,2024-01-11,M,9,S116
239,Math,Calculus,LO3,81,1,2024-04-05,F,9,S116
736,Math,Algebra,LO1,77,3,2024-01-17,M,9,S107
784,English,Literature,LO3,54,1,2024-02-08,F,10,S119
807,English,Composition,LO2,64,1,2024-01-03,M,8,S117
164,English,Literature,LO3,78,2,2024-01-17,F,8,S111
329,Math,Algebra,LO3,85,1,2024-03-24,M,10,S105
513,Science,Physics,LO2,80,3,2024-03-15,F,8,S105
461,Science,Chemistry,LO1,77,3,2024-02-25,M,10,S114
795,Math,Calculus,LO2,67,3,2024-05-09,M,9,S117
693,Math,Geometry,LO3,96,1,2024-01-11,M,8,S113
177,English,Composition,LO3,88,1,2024-01-15,F,8,S116
460,Math,Calculus,LO2,65,3,2024-01-23,F,9,S119
670,Math,Geometry,LO1,71,2,2024-01-04,F,9,S107
165,English,Composition,LO1,74,3,2024-01-15,M,8,S111
64,English,Literature,LO1,76,2,2024-03-27,F,9,S109
591,Science,Chemistry,LO2,66,3,2024-02-26,F,8,S111
415,Science,Biology,LO2,72,3,2024-03-25,F,8,S112
89,English,Composition,LO1,52,3,2024-04-07,F,10,S119
456,English,Composition,LO3,86,2,2024-02-07,M,9,S116
222,Math,Calculus,LO3,73,1,2024-03-17,F,9,S110
112,Science,Physics,LO2,66,3,2024-03-30,F,10,S103
465,Science,Chemistry,LO3,74,1,2024-03-08,M,10,S101
980,Science,Chemistry,LO2,73,2,2024-05-14,F,10,S112
535,English,Composition,LO3,67,1,2024-04-29,M,8,S114
832,English,Grammar,LO3,55,3,2024-04-13,F,9,S101
706,Math,Algebra,LO1,75,1,2024-03-07,F,10,S112
458,English,Composition,LO3,83,2,2024-03-10,M,9,S120
823,English,Composition,LO3,69,2,2024-01-27,M,9,S120
935,Science,Chemistry,LO1,94,3,2024-04-09,F,9,S118
762,Math,Algebra,LO1,74,3,2024-02-15,M,9,S119
345,English,Literature,LO3,80,2,2024-04-21,F,8,S112
873,English,Literature,LO2,100,1,2024-04-29,M,10,S118
83,Math,Calculus,LO3,83,2,2024-03-10,M,9,S109
322,English,Literature,LO2,71,2,2024-03-23,F,10,S115
658,Science,Chemistry,LO1,77,2,2024-04-22,F,8,S109
732,English,Literature,LO2,61,1,2024-01-04,M,8,S101
180,English,Composition,LO1,95,3,2024-04-07,F,10,S115
778,English,Grammar,LO3,68,2,2024-01-16,M,10,S103
183,Science,Physics,LO1,73,1,2024-01-19,M,10,S111
905,English,Literature,LO1,83,2,2024-03-12,M,10,S111
539,English,Composition,LO3,67,3,2024-05-07,F,8,S105
263,Math,Geometry,LO1,87,2,2024-02-05,M,10,S115
13,Science,Biology,LO3,57,2,2024-04-27,M,8,S108
758,Math,Geometry,LO1,95,2,2024-03-10,M,8,S109
675,Science,Biology,LO1,82,3,2024-03-16,F,8,S110
126,Science,Physics,LO2,70,2,2024-03-04,F,9,S109
926,Science,Chemistry,LO1,95,2,2024-02-08,M,9,S116
411,English,Composition,LO1,65,2,2024-03-05,M,10,S106
983,Science,Chemistry,LO3,53,1,2024-04-04,M,9,S103
833,Math,Calculus,LO3,91,2,2024-01-06,M,8,S112
157,Science,Chemistry,LO2,80,3,2024-04-16,F,9,S107
717,Math,Algebra,LO2,65,3,2024-04-17,F,8,S101
727,Science,Biology,LO2,50,1,2024-01-08,F,10,S111
911,Math,Algebra,LO3,85,3,2024-03-21,F,10,S110
662,English,Literature,LO3,88,2,2024-04-16,M,9,S115
277,Science,Chemistry,LO3,50,3,2024-05-14,M,9,S115
875,English,Grammar,LO3,63,1,2024-01-04,F,9,S110
296,Science,Physics,LO3,66,2,2024-04-09,F,9,S101
56,Science,Physics,LO3,80,1,2024-03-05,M,8,S120
694,English,Literature,LO1,93,1,2024-02-06,F,9,S116
718,English,Composition,LO1,54,3,2024-04-12,M,8,S118
179,English,Grammar,LO3,66,3,2024-05-09,M,10,S103
